{
    "image_name": "kodim15.png",
    "method": "km++",
    "k": 256,
    "SSIM": 0.9695878396720662,
    "MSE": 7.639040629069011,
    "original_unique_colors": 44576,
    "quantized_unique_colors": 256,
    "processing_time": 8.612344741821289
}