{
    "image_name": "kodim10.png",
    "method": "km++",
    "k": 256,
    "SSIM": 0.9802511159082624,
    "MSE": 4.225624084472656,
    "original_unique_colors": 21537,
    "quantized_unique_colors": 256,
    "processing_time": 8.7799973487854
}