{
    "image_name": "kodim17.png",
    "method": "km++",
    "k": 256,
    "SSIM": 0.98566181013299,
    "MSE": 3.6324462890625,
    "original_unique_colors": 19815,
    "quantized_unique_colors": 256,
    "processing_time": 8.827922582626343
}