{
    "image_name": "kodim19.png",
    "method": "km++",
    "k": 256,
    "SSIM": 0.9832863901264771,
    "MSE": 5.007444593641493,
    "original_unique_colors": 24807,
    "quantized_unique_colors": 256,
    "processing_time": 8.428735971450806
}