{
    "image_name": "kodim23.png",
    "method": "km++",
    "k": 256,
    "SSIM": 0.9348113473338452,
    "MSE": 13.537823147243923,
    "original_unique_colors": 72079,
    "quantized_unique_colors": 256,
    "processing_time": 9.336556434631348
}