{
    "image_name": "kodim07.png",
    "method": "km++",
    "k": 256,
    "SSIM": 0.9815312541123787,
    "MSE": 5.884207831488715,
    "original_unique_colors": 37552,
    "quantized_unique_colors": 256,
    "processing_time": 8.75071382522583
}