{
    "image_name": "kodim22.png",
    "method": "km++",
    "k": 256,
    "SSIM": 0.9677365772381371,
    "MSE": 9.742653740776909,
    "original_unique_colors": 53351,
    "quantized_unique_colors": 256,
    "processing_time": 9.59895133972168
}