{
    "image_name": "kodim03.png",
    "method": "km++",
    "k": 256,
    "SSIM": 0.9706812410838245,
    "MSE": 6.38388909233941,
    "original_unique_colors": 34871,
    "quantized_unique_colors": 256,
    "processing_time": 10.440221548080444
}