{
    "image_name": "kodim20.png",
    "method": "km++",
    "k": 256,
    "SSIM": 0.9874131399505662,
    "MSE": 3.704600863986545,
    "original_unique_colors": 24470,
    "quantized_unique_colors": 256,
    "processing_time": 8.437574625015259
}