{
    "image_name": "kodim04.png",
    "method": "km++",
    "k": 256,
    "SSIM": 0.9733381618114155,
    "MSE": 6.49922349717882,
    "original_unique_colors": 31716,
    "quantized_unique_colors": 256,
    "processing_time": 10.921555042266846
}