{
    "image_name": "kodim09.png",
    "method": "km++",
    "k": 256,
    "SSIM": 0.9814767425936956,
    "MSE": 4.0945485432942705,
    "original_unique_colors": 24106,
    "quantized_unique_colors": 256,
    "processing_time": 8.779242515563965
}