{
    "image_name": "kodim24.png",
    "method": "km++",
    "k": 256,
    "SSIM": 0.9828453163513778,
    "MSE": 7.318483988444011,
    "original_unique_colors": 42351,
    "quantized_unique_colors": 256,
    "processing_time": 8.675303936004639
}