{
    "image_name": "kodim14.png",
    "method": "km++",
    "k": 256,
    "SSIM": 0.9799280831586094,
    "MSE": 9.552157084147135,
    "original_unique_colors": 55117,
    "quantized_unique_colors": 256,
    "processing_time": 8.948925971984863
}