{
    "image_name": "kodim05.png",
    "method": "km++",
    "k": 256,
    "SSIM": 0.9808166898014754,
    "MSE": 11.697226630316841,
    "original_unique_colors": 63558,
    "quantized_unique_colors": 256,
    "processing_time": 9.686675786972046
}