{
    "image_name": "kodim06.png",
    "method": "km",
    "k": 64,
    "SSIM": 0.9688081208802877,
    "MSE": 12.72029537624783,
    "original_unique_colors": 25964,
    "quantized_unique_colors": 64,
    "processing_time": 3.5019044876098633
}