{
    "image_name": "kodim04.png",
    "method": "km",
    "k": 64,
    "SSIM": 0.9350652868052554,
    "MSE": 18.741498311360676,
    "original_unique_colors": 31716,
    "quantized_unique_colors": 64,
    "processing_time": 6.773279666900635
}