{
    "image_name": "kodim22.png",
    "method": "km",
    "k": 64,
    "SSIM": 0.9297997310658564,
    "MSE": 23.25852288140191,
    "original_unique_colors": 53351,
    "quantized_unique_colors": 64,
    "processing_time": 6.107732057571411
}