{
    "image_name": "kodim05.png",
    "method": "km",
    "k": 64,
    "SSIM": 0.9508153016781656,
    "MSE": 26.728988647460938,
    "original_unique_colors": 63558,
    "quantized_unique_colors": 64,
    "processing_time": 7.060836553573608
}