{
    "image_name": "kodim03.png",
    "method": "km",
    "k": 64,
    "SSIM": 0.9225743172822196,
    "MSE": 18.733619689941406,
    "original_unique_colors": 34871,
    "quantized_unique_colors": 64,
    "processing_time": 5.329201936721802
}