{
    "image_name": "kodim09.png",
    "method": "km",
    "k": 64,
    "SSIM": 0.9616899288252873,
    "MSE": 10.728814866807726,
    "original_unique_colors": 24106,
    "quantized_unique_colors": 64,
    "processing_time": 5.462673187255859
}