{
    "image_name": "kodim17.png",
    "method": "km",
    "k": 64,
    "SSIM": 0.9654622359813508,
    "MSE": 10.032701280381945,
    "original_unique_colors": 19815,
    "quantized_unique_colors": 64,
    "processing_time": 4.797939300537109
}