{
    "image_name": "kodim07.png",
    "method": "km",
    "k": 64,
    "SSIM": 0.9548834994733925,
    "MSE": 15.806442260742188,
    "original_unique_colors": 37552,
    "quantized_unique_colors": 64,
    "processing_time": 4.940706968307495
}