{
    "image_name": "kodim14.png",
    "method": "km",
    "k": 64,
    "SSIM": 0.9517190027046561,
    "MSE": 22.80106184217665,
    "original_unique_colors": 55117,
    "quantized_unique_colors": 64,
    "processing_time": 5.293911457061768
}