{
    "image_name": "kodim21.png",
    "method": "km",
    "k": 64,
    "SSIM": 0.956707321493528,
    "MSE": 15.022591484917534,
    "original_unique_colors": 29317,
    "quantized_unique_colors": 64,
    "processing_time": 6.017042875289917
}