{
    "image_name": "kodim13.png",
    "method": "km",
    "k": 256,
    "SSIM": 0.9899927807489973,
    "MSE": 7.8984180026584205,
    "original_unique_colors": 39784,
    "quantized_unique_colors": 256,
    "processing_time": 11.675891637802124
}