{
    "image_name": "kodim08.png",
    "method": "km",
    "k": 256,
    "SSIM": 0.9872408620842087,
    "MSE": 8.499337090386284,
    "original_unique_colors": 45558,
    "quantized_unique_colors": 256,
    "processing_time": 11.051544904708862
}