{
    "image_name": "kodim19.png",
    "method": "km",
    "k": 256,
    "SSIM": 0.9838743922391631,
    "MSE": 5.272237989637587,
    "original_unique_colors": 24807,
    "quantized_unique_colors": 256,
    "processing_time": 10.25386667251587
}