{
    "image_name": "kodim21.png",
    "method": "km",
    "k": 256,
    "SSIM": 0.983702600948928,
    "MSE": 5.553576151529948,
    "original_unique_colors": 29317,
    "quantized_unique_colors": 256,
    "processing_time": 11.499195098876953
}