{
    "image_name": "kodim10.png",
    "method": "km",
    "k": 256,
    "SSIM": 0.9804177901960401,
    "MSE": 4.597866482204861,
    "original_unique_colors": 21537,
    "quantized_unique_colors": 256,
    "processing_time": 13.122286558151245
}