{
    "image_name": "kodim02.png",
    "method": "km",
    "k": 256,
    "SSIM": 0.9905541748856613,
    "MSE": 2.5771170722113714,
    "original_unique_colors": 13452,
    "quantized_unique_colors": 256,
    "processing_time": 34.256690979003906
}