{
    "image_name": "kodim22.png",
    "method": "km",
    "k": 256,
    "SSIM": 0.9682246767407617,
    "MSE": 10.094503614637587,
    "original_unique_colors": 53351,
    "quantized_unique_colors": 256,
    "processing_time": 22.52999758720398
}