{
    "image_name": "kodim06.png",
    "method": "km",
    "k": 256,
    "SSIM": 0.986965625757111,
    "MSE": 5.226304796006945,
    "original_unique_colors": 25964,
    "quantized_unique_colors": 256,
    "processing_time": 11.991259813308716
}