{
    "image_name": "kodim04.png",
    "method": "km",
    "k": 256,
    "SSIM": 0.9739082551609016,
    "MSE": 6.807191636827257,
    "original_unique_colors": 31716,
    "quantized_unique_colors": 256,
    "processing_time": 21.162373304367065
}