{
    "image_name": "kodim12.png",
    "method": "km++",
    "k": 8,
    "SSIM": 0.7897886232079078,
    "MSE": 54.650669521755646,
    "original_unique_colors": 25567,
    "quantized_unique_colors": 8,
    "processing_time": 0.8461251258850098
}