{
    "image_name": "kodim20.png",
    "method": "km++",
    "k": 8,
    "SSIM": 0.8610154307583189,
    "MSE": 49.244813707139755,
    "original_unique_colors": 24470,
    "quantized_unique_colors": 8,
    "processing_time": 0.805243730545044
}