{
    "image_name": "kodim03.png",
    "method": "km++",
    "k": 8,
    "SSIM": 0.8028068703908855,
    "MSE": 70.79962242974176,
    "original_unique_colors": 34871,
    "quantized_unique_colors": 8,
    "processing_time": 0.9540660381317139
}