{
    "image_name": "kodim24.png",
    "method": "km++",
    "k": 8,
    "SSIM": 0.8741612979610306,
    "MSE": 60.052150302463104,
    "original_unique_colors": 42351,
    "quantized_unique_colors": 8,
    "processing_time": 0.8530738353729248
}