{
    "image_name": "kodim19.png",
    "method": "km++",
    "k": 8,
    "SSIM": 0.8336672653528412,
    "MSE": 62.51795450846354,
    "original_unique_colors": 24807,
    "quantized_unique_colors": 8,
    "processing_time": 0.827599048614502
}