{
    "image_name": "kodim07.png",
    "method": "km++",
    "k": 8,
    "SSIM": 0.8443481685515778,
    "MSE": 58.237723456488716,
    "original_unique_colors": 37552,
    "quantized_unique_colors": 8,
    "processing_time": 0.8471627235412598
}