{
    "image_name": "kodim22.png",
    "method": "km++",
    "k": 8,
    "SSIM": 0.7785575054439994,
    "MSE": 67.37894185384114,
    "original_unique_colors": 53351,
    "quantized_unique_colors": 8,
    "processing_time": 0.8140311241149902
}