{
    "image_name": "kodim18.png",
    "method": "km++",
    "k": 8,
    "SSIM": 0.8003054763722739,
    "MSE": 67.00951131184895,
    "original_unique_colors": 57415,
    "quantized_unique_colors": 8,
    "processing_time": 0.8852269649505615
}