{
    "image_name": "kodim21.png",
    "method": "km++",
    "k": 8,
    "SSIM": 0.8360760961010684,
    "MSE": 61.26400502522787,
    "original_unique_colors": 29317,
    "quantized_unique_colors": 8,
    "processing_time": 0.8539354801177979
}