{
    "image_name": "kodim17.png",
    "method": "km++",
    "k": 8,
    "SSIM": 0.8188019321169667,
    "MSE": 55.132958306206596,
    "original_unique_colors": 19815,
    "quantized_unique_colors": 8,
    "processing_time": 0.8657047748565674
}