{
    "image_name": "kodim02.png",
    "method": "km++",
    "k": 8,
    "SSIM": 0.8610562486779775,
    "MSE": 33.26971096462674,
    "original_unique_colors": 13452,
    "quantized_unique_colors": 8,
    "processing_time": 0.9318039417266846
}