{
    "image_name": "kodim08.png",
    "method": "km++",
    "k": 8,
    "SSIM": 0.8638309792843973,
    "MSE": 74.20019192165799,
    "original_unique_colors": 45558,
    "quantized_unique_colors": 8,
    "processing_time": 0.8413064479827881
}