{
    "image_name": "kodim03.png",
    "method": "km++",
    "k": 64,
    "SSIM": 0.9223783500348742,
    "MSE": 18.73620859781901,
    "original_unique_colors": 34871,
    "quantized_unique_colors": 64,
    "processing_time": 2.854349374771118
}