{
    "image_name": "kodim18.png",
    "method": "km++",
    "k": 64,
    "SSIM": 0.9463409834699897,
    "MSE": 23.58988274468316,
    "original_unique_colors": 57415,
    "quantized_unique_colors": 64,
    "processing_time": 2.4779906272888184
}