{
    "image_name": "kodim15.png",
    "method": "km++",
    "k": 64,
    "SSIM": 0.9270301214581754,
    "MSE": 19.53378634982639,
    "original_unique_colors": 44576,
    "quantized_unique_colors": 64,
    "processing_time": 2.4630534648895264
}