{
    "image_name": "kodim21.png",
    "method": "km++",
    "k": 64,
    "SSIM": 0.9542310376169358,
    "MSE": 14.61677466498481,
    "original_unique_colors": 29317,
    "quantized_unique_colors": 64,
    "processing_time": 2.498509645462036
}