{
    "image_name": "kodim17.png",
    "method": "km++",
    "k": 64,
    "SSIM": 0.9643662291585396,
    "MSE": 9.793917338053385,
    "original_unique_colors": 19815,
    "quantized_unique_colors": 64,
    "processing_time": 2.526850700378418
}