{
    "image_name": "kodim19.png",
    "method": "km++",
    "k": 64,
    "SSIM": 0.9598384700241347,
    "MSE": 12.965845743815104,
    "original_unique_colors": 24807,
    "quantized_unique_colors": 64,
    "processing_time": 2.4527475833892822
}