{
    "image_name": "kodim12.png",
    "method": "km++",
    "k": 64,
    "SSIM": 0.9489817079340979,
    "MSE": 12.02880859375,
    "original_unique_colors": 25567,
    "quantized_unique_colors": 64,
    "processing_time": 2.3931455612182617
}