{
    "image_name": "kodim10.png",
    "method": "km++",
    "k": 64,
    "SSIM": 0.9479716362578595,
    "MSE": 11.712304857042101,
    "original_unique_colors": 21537,
    "quantized_unique_colors": 64,
    "processing_time": 2.3736085891723633
}