{
    "image_name": "kodim23.png",
    "method": "km++",
    "k": 64,
    "SSIM": 0.8676321584139529,
    "MSE": 34.03921254475912,
    "original_unique_colors": 72079,
    "quantized_unique_colors": 64,
    "processing_time": 2.463414192199707
}