{
    "image_name": "kodim16.png",
    "method": "km++",
    "k": 64,
    "SSIM": 0.969951328509241,
    "MSE": 7.765718248155382,
    "original_unique_colors": 14096,
    "quantized_unique_colors": 64,
    "processing_time": 2.390177011489868
}