{
    "image_name": "kodim24.png",
    "method": "km++",
    "k": 64,
    "SSIM": 0.9583985746924197,
    "MSE": 18.491716172960068,
    "original_unique_colors": 42351,
    "quantized_unique_colors": 64,
    "processing_time": 2.4223811626434326
}