{
    "image_name": "kodim06.png",
    "method": "km++",
    "k": 64,
    "SSIM": 0.9674921358241771,
    "MSE": 12.730582343207466,
    "original_unique_colors": 25964,
    "quantized_unique_colors": 64,
    "processing_time": 2.3962595462799072
}