{
    "image_name": "kodim07.png",
    "method": "km++",
    "k": 64,
    "SSIM": 0.954620304845231,
    "MSE": 15.54119873046875,
    "original_unique_colors": 37552,
    "quantized_unique_colors": 64,
    "processing_time": 2.4997334480285645
}