{
    "image_name": "kodim05.png",
    "method": "km++",
    "k": 64,
    "SSIM": 0.951499384448677,
    "MSE": 26.814898173014324,
    "original_unique_colors": 63558,
    "quantized_unique_colors": 64,
    "processing_time": 2.4235036373138428
}