{
    "image_name": "kodim19.png",
    "method": "km",
    "k": 8,
    "SSIM": 0.8334674315665066,
    "MSE": 61.939569261338974,
    "original_unique_colors": 24807,
    "quantized_unique_colors": 8,
    "processing_time": 1.40543794631958
}