{
    "image_name": "kodim02.png",
    "method": "km",
    "k": 8,
    "SSIM": 0.8681372729371225,
    "MSE": 31.405967712402344,
    "original_unique_colors": 13452,
    "quantized_unique_colors": 8,
    "processing_time": 1.6106829643249512
}