{
    "image_name": "kodim04.png",
    "method": "km",
    "k": 8,
    "SSIM": 0.7526319783437145,
    "MSE": 65.32763756646051,
    "original_unique_colors": 31716,
    "quantized_unique_colors": 8,
    "processing_time": 1.4498653411865234
}