{
    "image_name": "kodim17.png",
    "method": "km",
    "k": 8,
    "SSIM": 0.848278018343647,
    "MSE": 48.82938130696615,
    "original_unique_colors": 19815,
    "quantized_unique_colors": 8,
    "processing_time": 1.9149119853973389
}