{
    "image_name": "kodim22.png",
    "method": "km",
    "k": 8,
    "SSIM": 0.7805487710634812,
    "MSE": 67.05943722195096,
    "original_unique_colors": 53351,
    "quantized_unique_colors": 8,
    "processing_time": 1.4855496883392334
}