{
    "image_name": "kodim23.png",
    "method": "km",
    "k": 8,
    "SSIM": 0.735063279081028,
    "MSE": 77.82198842366536,
    "original_unique_colors": 72079,
    "quantized_unique_colors": 8,
    "processing_time": 1.3029615879058838
}