{
    "image_name": "kodim15.png",
    "method": "km",
    "k": 8,
    "SSIM": 0.7754002088774605,
    "MSE": 64.98982577853732,
    "original_unique_colors": 44576,
    "quantized_unique_colors": 8,
    "processing_time": 1.4795689582824707
}